"390930"	"false"	"70.57333333333332"	"1516.239375"	"356.08"	"3.0"
"700657"	"true"	"44458.922000000006"	"45494.41456565657"	"50.21107221333752"	"5.0"
"462584"	"false"	"-822.93"	"2153.131875"	""	"1.0"
"491316"	"false"	"-699.3499999999999"	"4078.0684151785717"	"323.1566666666667"	"4.0"
"272867"	"false"	"81408.17333333334"	"89135.13895833334"	"117.47337964517105"	"3.0"
"955714"	"false"	"14573.626666666665"	"20540.15166666667"	"410.28139510062266"	"3.0"
"1076956"	"false"	"-54.65"	"1354.2337499999999"	"32.0"	"1.0"
"1153296"	"true"	"-390.6"	"275.0050000000001"	"61.25278300641165"	"4.0"
"717696"	"false"	"38.733333333333576"	"5900.206458333334"	"375.3421481333116"	"3.0"
"746428"	"false"	"-1035.44"	"1138.159375"	"106.41999999999999"	"2.0"
"635427"	"true"	"4518.0325"	"6684.6050000000005"	"242.2062868318982"	"4.0"
"898679"	"false"	"14620.226666666667"	"16213.276666666667"	"74.20716686549567"	"3.0"
"1401192"	"true"	"49095.55249999999"	"49594.331249999996"	"19.727815928138824"	"4.0"
"611161"	"true"	"15355.402000000002"	"16834.14132467532"	"59.03973131986195"	"5.0"
"456941"	"false"	"-25.010000000000005"	"510.6428125000001"	"24.0"	"2.0"
"1079310"	"false"	"-71.07"	"27.299999999999997"	"24.0"	"1.0"
"150613"	"false"	"-3139.385"	"7191.3434375"	"75.145"	"2.0"
"740455"	"false"	"-280.41"	"423.8318749999999"	"40.0"	"1.0"
"1399058"	"false"	"-876.07"	"1166.2681818181818"	"5.5"	"1.0"
"1018535"	"true"	"-1460.29"	"4633.283125"	"157.77"	"2.0"
"115644"	"true"	"258.975"	"3950.1493749999995"	"40.0"	"3.0"
"58279"	"false"	"-60.89666666666668"	"4098.337291666667"	"384.2866666666667"	"3.0"
"217328"	"false"	"-926.36"	"1347.59375"	"0.0"	"2.0"
"672761"	"false"	"2726.58"	"7971.098750000002"	"8.0"	"1.0"
"1055638"	"false"	"401.97"	"3235.110625"	"32.0"	"1.0"
"55397"	"false"	"146.135"	"1819.0891666666666"	"50.185"	"2.0"
"1126412"	"false"	"73842.14333333333"	"80963.78958333333"	"287.7540537160594"	"3.0"
"283526"	"true"	""	""	""	"1.0"
"589205"	"false"	"-453.69500000000005"	"1113.6453977272727"	"79.305"	"2.0"
"551563"	"true"	"53991.666666666664"	"56305.019166666665"	"128.96588950383196"	"6.0"
"372230"	"false"	"-3700.13"	"3916.5793750000007"	"550.0"	"2.0"
"1051513"	"false"	"-814.11"	"1982.19625"	"32.0"	"1.0"
"416978"	"true"	"-257.40999999999997"	"1452.3390625000002"	"32.0"	"3.0"
"559043"	"true"	"-872.85"	"206.21750000000003"	"16.0"	"1.0"
"910295"	"false"	"10190.186666666666"	"10585.086666666664"	"10.865171152748893"	"3.0"
"543907"	"false"	"-3660.82"	"4691.172500000001"	""	"1.0"
"1048411"	"false"	"-127.77"	"597.78125"	"8.0"	"1.0"
"596058"	"true"	"9171.222"	"10621.395800000002"	"76.26903403662247"	"5.0"
"62393"	"false"	"266.57"	"3340.2275"	"16.0"	"2.0"
"259810"	"false"	"-1852.64"	"1953.2872916666668"	"37.080000000000005"	"3.0"
"195416"	"false"	"-1039.175"	"3403.7465624999995"	"0.0"	"2.0"
"87264"	"true"	"20132.95"	"21943.946250000005"	"33.52853546847968"	"4.0"
"507156"	"false"	"-1238.77"	"3620.944375"	"40.0"	"1.0"
"220650"	"false"	"-801.0833333333334"	"3297.6189583333326"	"45.919999999999995"	"3.0"
"1111540"	"true"	"177.975"	"635.1395454545454"	"6.751270006775433"	"2.0"
"1292699"	"true"	"18775.1475"	"19174.84833333333"	"19.43045117784491"	"4.0"
"114203"	"false"	"373.38"	"3831.4421875000003"	"24.0"	"2.0"
"255674"	"false"	"-233.96"	"996.7331249999999"	"8.0"	"2.0"
"517573"	"false"	"-4048.3"	"2698.8037500000005"	"32.0"	"2.0"
"217691"	"false"	"-6500.053333333334"	"7364.450833333333"	"301.16999999999996"	"3.0"
"1047069"	"false"	"59.85"	"3341.61"	"16.0"	"1.0"
"1452408"	"false"	"-161.24"	"1723.7728571428574"	"7.0"	"1.0"
"223125"	"true"	"-1258.995"	"2177.4384375"	"81.625"	"2.0"
"952557"	"false"	"-1196.84"	"4290.538750000001"	"32.0"	"1.0"
"419816"	"false"	"-2622.29"	"6710.0268750000005"	"16.0"	"1.0"
"60248"	"false"	"311.79"	"1369.351875"	"8.0"	"1.0"
"525460"	"false"	"-623.33"	"1388.9531249999998"	"24.0"	"1.0"
"1176275"	"false"	"38.33"	"539.526875"	"24.0"	"1.0"
"251571"	"false"	"-2476.995"	"3083.22125"	"24.0"	"2.0"
"1160204"	"false"	"-200.735"	"1175.9159375"	"162.755"	"2.0"
"1100320"	"false"	"-1450.92"	"4149.744375"	"8.0"	"1.0"
"376806"	"false"	"-252.54500000000002"	"1570.2021875"	"8.0"	"2.0"
"34464"	"true"	"62384.35499999999"	"67240.07385416665"	"366.9136025483387"	"7.0"
"1139854"	"true"	"19994.857500000002"	"20789.16125"	"44.27612557704816"	"4.0"
"158687"	"false"	"110722.57666666666"	"115744.52666666663"	"324.6419620979273"	"3.0"
"410037"	"false"	"-105.24"	"620.5484375"	"0.0"	"2.0"
"230055"	"false"	"-445.775"	"1345.6612499999999"	"149.63666666666666"	"4.0"
"57377"	"false"	"-3047.6850000000004"	"7557.459687500001"	"0.0"	"2.0"
"26577"	"false"	"-2470.105"	"3027.9453125000005"	"32.0"	"2.0"
"657141"	"true"	"18830.549999999996"	"21770.30265"	"161.13836049868092"	"5.0"
"827443"	"true"	"3588.763999999999"	"4861.330375"	"52.10507509544529"	"6.0"
"161844"	"true"	"-1691.5149999999999"	"1295.7822916666669"	"94.98"	"2.0"
"1425931"	"false"	"15.5"	"62.90375"	"4.0"	"1.0"
"990562"	"false"	"-345.57"	"1912.4175"	"24.0"	"1.0"
"119593"	"false"	"68476.385"	"78549.23908333333"	"874.177823008435"	"4.0"
"440540"	"false"	"-286.1133333333333"	"1175.8722916666666"	"189.285"	"3.0"
"649496"	"false"	"-567.1949999999999"	"3412.5178125000007"	"8.0"	"2.0"
"1077671"	"false"	"-513.77"	"3388.7462500000006"	"40.0"	"1.0"
"1303435"	"false"	"-35.99"	"556.3525000000001"	"32.0"	"1.0"
"688117"	"false"	"-264.73"	"2980.3124999999995"	"0.0"	"1.0"
"391337"	"false"	"-281.90000000000003"	"5260.522499999999"	"0.0"	"2.0"
"69334"	"false"	"-928.0466666666666"	"7644.397291666665"	"941.8249999999998"	"3.0"
"38820"	"true"	"81.40249999999999"	"2742.5958333333333"	"112.55333333333333"	"4.0"
"1224774"	"false"	"-1109.67"	"4104.771875"	"0.0"	"1.0"
"609995"	"true"	"794.4649999999999"	"3504.8243749999992"	"8.0"	"2.0"
"989803"	"false"	"-254.82"	"238.75375"	"40.0"	"1.0"
"790824"	"false"	"-1988.86"	"1801.4881249999999"	"0.0"	"1.0"
"278576"	"false"	"-2292.84"	"3115.2306249999997"	""	"1.0"
"427758"	"true"	"2010.165"	"5311.63675"	"115.54021486480433"	"4.0"
"556260"	"true"	"-326.61"	"1223.818"	"15.334607726820444"	"2.0"
"1149611"	"false"	"93083.24"	"95933.40000000002"	"84.0173999111259"	"3.0"
"515076"	"false"	"48.81"	"293.04875000000004"	""	"1.0"
"354630"	"true"	"-501.305"	"1632.3053125"	"8.0"	"2.0"
"1357269"	"true"	"20776.41"	"21985.388333333332"	"44.7468247981757"	"3.0"
"441486"	"false"	"-998.205"	"1605.6231249999998"	"32.0"	"2.0"
"1222277"	"false"	"-1498.26"	"2135.07625"	"32.0"	"1.0"
"679240"	"false"	"-323.28"	"381.75375"	""	"1.0"
"292678"	"false"	"-1189.3166666666666"	"2502.2406250000004"	"347.25666666666666"	"3.0"
"1317273"	"true"	"102569.08999999998"	"102744.42166666668"	"21.90187767495121"	"3.0"
"635999"	"false"	"-24.23"	"5624.6831250000005"	"32.0"	"1.0"
"97285"	"false"	"-687.07"	"1015.691875"	"24.0"	"1.0"
"210233"	"true"	"1295.9962500000001"	"2743.9944531250007"	"154.8731808738917"	"8.0"
"158071"	"false"	"75513.02333333333"	"78234.84833333334"	"128.66819072910224"	"3.0"
"361549"	"false"	"-181.74"	"1742.4190625"	"140.26999999999998"	"2.0"
"63471"	"false"	"2720.495"	"7299.135625000001"	"0.0"	"2.0"
"623921"	"false"	"-2507.8166666666666"	"3398.636875"	"181.92666666666665"	"3.0"
"403349"	"false"	"-1545.9066666666668"	"3072.529090909091"	"270.96"	"3.0"
"500259"	"false"	"-838.63"	"880.6324999999999"	"24.0"	"1.0"
"408409"	"false"	"565.4433333333333"	"2731.4479166666665"	"442.29499999999996"	"3.0"
"143958"	"false"	"-561.64"	"1268.395625"	"73.83500000000001"	"2.0"
"1254496"	"false"	"-1177.63"	"1426.090625"	"32.0"	"1.0"
"978638"	"false"	"24791.59"	"27089.289999999997"	"109.99426296242898"	"3.0"
"367544"	"false"	"186.77333333333323"	"4355.136666666666"	"183.80666666666664"	"3.0"
"473705"	"true"	"-184.15999999999997"	"1183.86665625"	"111.04760459745451"	"4.0"
"549957"	"true"	"32007.170000000002"	"35044.07923076924"	"153.80120757817758"	"4.0"
"491657"	"false"	"-427.59"	"353.44375"	"40.0"	"2.0"
"288102"	"false"	"91098.0175"	"94480.48687499997"	"170.0114808816176"	"4.0"
"521126"	"false"	"51.61"	"961.619375"	"68.725"	"2.0"
"451584"	"false"	"-234.39999999999998"	"1726.7296875000002"	"16.0"	"2.0"
"596927"	"false"	"-594.535"	"571.669375"	"16.0"	"2.0"
"1159940"	"false"	"-2605.02"	"2204.550625"	"32.0"	"1.0"
"746582"	"false"	"-73.13500000000005"	"2202.3628124999996"	"8.0"	"2.0"
"367775"	"true"	"11375.007142857143"	"13499.162767857144"	"105.93505592004777"	"7.0"
"1288222"	"false"	"-944.75"	"1347.1425"	"24.0"	"1.0"
"177981"	"false"	"-842.52"	"4236.1684375"	"16.0"	"2.0"
"627386"	"true"	"3304.31"	"3938.902586805556"	"53.981717370243494"	"4.0"
"1453915"	"true"	"3199.046666666667"	"3358.03"	"19.47163530582907"	"4.0"
"599380"	"false"	"-1136.945"	"1372.0443749999997"	"16.0"	"2.0"
"977032"	"false"	"-2373.45"	"3369.7349999999997"	"32.0"	"1.0"
"1442629"	"false"	"-72.76"	"4169.105714285714"	"17.5"	"1.0"
"737540"	"false"	"-1171.235"	"2048.7396875"	"510.2200000000001"	"2.0"
"1307725"	"true"	"3295.5499999999997"	"4707.21875"	"64.63814223397691"	"2.0"
"1127567"	"false"	"-3856.45"	"5172.873749999999"	"24.0"	"1.0"
"1302357"	"false"	"-790.9750000000001"	"7845.67625"	"889.665"	"2.0"
"54396"	"false"	"-490.29"	"600.1981250000001"	"24.0"	"1.0"
"486311"	"false"	"-299.73"	"291.08343749999995"	"24.0"	"2.0"
"448856"	"false"	"23283.82"	"25673.940208333333"	"169.19763378328128"	"4.0"
"634778"	"false"	"26948.03"	"29644.916875000003"	"178.47290774908322"	"5.0"
"35410"	"false"	"373861.82999999996"	"382446.2925"	"617.4788288198297"	"2.0"
"573805"	"false"	"40663.9375"	"43890.142187499994"	"255.44028249669736"	"4.0"
"81137"	"true"	"80855.54000000001"	"82536.92749999999"	"145.10646426003726"	"4.0"
"920107"	"true"	"56188.065"	"56877.14791666666"	"14.852520292922744"	"4.0"
"1163174"	"false"	"-5298.83"	"5952.396250000001"	"8.0"	"1.0"
"316845"	"false"	"-1433.0149999999999"	"1986.5440624999999"	"191.445"	"2.0"
"1089804"	"true"	"9449.283333333333"	"11433.361369047618"	"65.59385545372017"	"6.0"
"270348"	"false"	"-1110.7400000000002"	"3211.8674999999994"	"0.0"	"2.0"
"257544"	"false"	"-113.39999999999999"	"777.7456250000001"	"16.0"	"2.0"
"595563"	"false"	"-1158.08"	"3637.602187499999"	"124.5"	"2.0"
"1122265"	"false"	"-263.27333333333337"	"905.758125"	"63.8875972384138"	"3.0"
"552674"	"false"	"8907.245"	"12319.942968749998"	"182.4895411818035"	"4.0"
"129702"	"true"	"11087.0075"	"15249.807209821427"	"227.480132792362"	"4.0"
"1045771"	"true"	"107.19"	"244.6885"	"6.29"	"2.0"
"257819"	"false"	"11704.212"	"15364.595124999998"	"199.82775956764894"	"5.0"
"1009526"	"false"	"141708.195"	"141708.195"	"6.30759460242885"	"2.0"
"737782"	"true"	"1203.36"	"1203.36"	"0.0"	"1.0"
"1283415"	"false"	"-6769.21"	"6195.742499999999"	"40.0"	"1.0"
"1296934"	"true"	"19622.115"	"20715.375416666666"	"40.09724143189439"	"4.0"
"1181038"	"false"	"-1232.5"	"705.82375"	"0.0"	"1.0"
"559197"	"false"	"-4181.715"	"7538.228749999999"	"40.0"	"2.0"
"70060"	"false"	"8135.098000000001"	"10641.588"	"131.08119436876004"	"5.0"
"661057"	"true"	"533.74"	"1301.372"	"16.04463974027134"	"2.0"
"1391028"	"false"	"-809.24"	"565.9776923076923"	"0.0"	"1.0"
"679119"	"false"	"-248.47"	"1638.8437500000002"	"24.0"	"1.0"
"882564"	"true"	"7822.801666666665"	"9452.053479166667"	"114.46784248212577"	"6.0"
"905554"	"false"	"260.75"	"5004.7325"	"227.98000000000002"	"2.0"
"1378477"	"true"	"75076.7975"	"75700.969375"	"66.56997145171948"	"4.0"
"276618"	"true"	"-1230.5300000000002"	"-586.77625"	"18.32969441697963"	"2.0"
"110870"	"true"	"19139.093999999997"	"20164.797375"	"62.05023469213383"	"5.0"
"219110"	"false"	"-1371.63"	"1898.9381250000001"	"24.0"	"2.0"
"1226171"	"false"	"-113.31"	"646.90875"	"24.0"	"1.0"
"323269"	"true"	"22707.696666666667"	"23473.546666666665"	"24.14962222253688"	"3.0"
"1300773"	"false"	"158.25"	"472.51250000000005"	"24.0"	"1.0"
"583859"	"false"	"-429.0"	"2499.091875"	"8.0"	"1.0"
"22078"	"false"	"-2.6799999999999926"	"1435.69625"	"150.10000000000002"	"2.0"
"861070"	"false"	"-508.625"	"954.9903125000001"	"174.88500000000002"	"2.0"
"1135872"	"false"	"-6432.66"	"1197.3418749999998"	"16.0"	"1.0"
"1063514"	"true"	"67633.20999999999"	"68568.46125000001"	"184.246826961713"	"4.0"
"711789"	"false"	"-1229.36"	"3971.4606249999997"	""	"1.0"
"381987"	"false"	"12.05"	"96.94562499999999"	"32.0"	"1.0"
"1026961"	"false"	"415.445"	"1367.2520625"	"11.465"	"2.0"
"441915"	"true"	"-572.7049999999999"	"777.2730937499998"	"67.09666666666668"	"4.0"
"429210"	"false"	"-87.52"	"936.1246875"	"32.0"	"2.0"
"425723"	"false"	"-509.56"	"4403.415416666667"	"260.27"	"3.0"
"931118"	"false"	"-18.65"	"65.826875"	"40.0"	"1.0"
"654842"	"true"	"43947.42333333333"	"45411.371261904766"	"107.5276861040928"	"6.0"
"1142615"	"false"	"-13696.13"	"7567.196875"	"32.0"	"1.0"
"1404833"	"false"	"411.07"	"2340.903333333333"	"13.5"	"1.0"
"805465"	"false"	"-979.385"	"1162.225625"	"66.195"	"2.0"
"1222860"	"false"	"-448.19"	"5502.726875"	"16.0"	"1.0"
"356533"	"false"	"-89.50999999999999"	"432.41031250000003"	"24.0"	"2.0"
"328109"	"false"	"20790.6375"	"22782.814218749998"	"136.1284042860364"	"4.0"
"610138"	"false"	"-386.02"	"1313.3015624999998"	"8.0"	"2.0"
"32319"	"false"	"-444.7133333333333"	"4936.0475"	"154.48999999999998"	"3.0"
"952832"	"false"	"-1118.24"	"986.39125"	"24.0"	"1.0"
"87726"	"true"	"-302.9433333333333"	"1639.332916666667"	"36.980000000000004"	"3.0"
"1184162"	"false"	"-454.34"	"1428.2931250000001"	"8.0"	"1.0"
"43374"	"true"	"-495.295"	"916.2173076923077"	"19.5"	"2.0"
"601041"	"false"	"-436.0799999999999"	"2006.265125"	"37.33"	"3.0"
"1397650"	"true"	"3785.04"	"3958.7850000000003"	"7.153280225188059"	"4.0"
"355587"	"false"	"-882.1850000000001"	"4949.4903125"	"352.15999999999997"	"2.0"
"80367"	"false"	"-829.6166666666668"	"2193.831875"	"119.17500000000003"	"3.0"
"53681"	"true"	"9943.002"	"11697.893083333332"	"113.05405783737699"	"5.0"
"130516"	"false"	"28887.091666666664"	"30773.5221875"	"245.61863038993675"	"6.0"
"474211"	"true"	"93605.185"	"100129.90390625001"	"84.09852018214552"	"4.0"
"930645"	"true"	"53705.45666666667"	"55378.96666666667"	"19.03625040914461"	"3.0"
"1312554"	"false"	"-8057.72"	"7311.136875000001"	"24.0"	"1.0"
"614912"	"false"	"-698.6"	"1658.3603125"	"24.0"	"2.0"
"550133"	"false"	"-418.89000000000004"	"1238.0704166666667"	"254.13000000000002"	"3.0"
"270007"	"false"	"-2070.58"	"3534.3490625000004"	"8.0"	"2.0"
"421708"	"false"	"-530.335"	"408.9287499999999"	"32.0"	"2.0"
"225171"	"false"	"-489.51500000000004"	"3439.8253124999997"	"52.515"	"2.0"
"408332"	"false"	"-187.995"	"131.45312499999997"	"248.77499999999998"	"2.0"
"38193"	"true"	"22510.416666666668"	"24862.887118055554"	"37.293922960179465"	"6.0"
"369964"	"false"	"-1027.2066666666667"	"1200.4781249999999"	"74.78999999999999"	"3.0"
"920481"	"false"	"78.63"	"479.068125"	"32.0"	"1.0"
"168741"	"false"	"41308.08666666666"	"43463.78666666666"	"299.5775903460664"	"3.0"
"865800"	"false"	"-527.5350000000001"	"568.7009375"	"108.77"	"2.0"
"40349"	"false"	"-1359.495"	"3222.7153125000004"	"0.0"	"2.0"
"354509"	"false"	"-115.435"	"424.96624999999995"	"8.0"	"2.0"
"1135366"	"true"	"47068.37666666667"	"48190.66833333333"	"32.79201018855928"	"3.0"
"157631"	"false"	"-1653.26"	"8934.8078125"	"244.45"	"2.0"
"751136"	"false"	"-359.535"	"1964.896875"	"49.08500000000001"	"2.0"
"85581"	"false"	"-65.73"	"177.86999999999998"	"8.0"	"1.0"
"656976"	"false"	"-3666.3"	"2996.6184375000003"	"133.41500000000002"	"2.0"
"223092"	"false"	"-171.27"	"2081.4565625000005"	"40.0"	"2.0"
"243222"	"false"	"-2324.825"	"2651.2946875"	"0.0"	"2.0"
"921746"	"false"	"17866.89666666667"	"19405.67166666667"	"150.19950871779363"	"3.0"
"1203148"	"false"	"7681.5199999999995"	"8737.156818181818"	"24.463642626909373"	"5.0"
"1357720"	"false"	"-309.31"	"803.9493749999999"	"8.0"	"1.0"
"448295"	"false"	"-1090.22"	"1355.209375"	"32.0"	"2.0"
"1136873"	"true"	"1567.48"	"2397.21"	"8.738345807148342"	"2.0"
"903805"	"false"	"-2806.725"	"5366.619375"	"20.090000000000003"	"2.0"
"99936"	"true"	"-1125.12"	"5524.431041666667"	"353.30500000000006"	"2.0"
"780957"	"false"	"-359.555"	"1611.0365625000002"	"113.905"	"2.0"
"897337"	"false"	"-766.53"	"1635.5525"	"40.0"	"1.0"
"184999"	"true"	"3553.0675"	"4758.28125"	"12.31808653743361"	"5.0"
"981894"	"false"	"286.05"	"3594.48125"	"16.0"	"1.0"
"878582"	"false"	"-259.59"	"2873.064375"	"40.0"	"1.0"
"144508"	"true"	"21822.192499999997"	"22716.72884615384"	"92.88429321435062"	"4.0"
"1116963"	"false"	"-767.27"	"840.6168749999999"	"8.0"	"1.0"
"478908"	"false"	"-1497.0700000000002"	"2640.556875"	"40.0"	"2.0"
"468667"	"false"	"-804.475"	"3051.4609375"	"16.0"	"2.0"
"1160116"	"false"	"-1564.34"	"5521.11125"	"0.0"	"1.0"
"1350086"	"false"	"-175.82"	"662.33"	"40.0"	"1.0"
"1431805"	"false"	"-677.59"	"2706.9012499999994"	"16.0"	"1.0"
"405098"	"false"	"-734.2633333333333"	"2252.609375"	"88.61500000000001"	"3.0"
"1142175"	"false"	"-1180.6"	"1344.4075000000003"	"32.0"	"1.0"
"179796"	"false"	"1430.545"	"2979.64375"	"16.0"	"2.0"
"127040"	"false"	"13273.305"	"15298.328958333334"	"109.83137575903838"	"6.0"
"315976"	"false"	"-1427.88"	"2412.98875"	"24.0"	"2.0"
"816047"	"false"	"-892.285"	"1294.3815624999997"	"44.475"	"2.0"
"1307032"	"false"	"-106.995"	"1923.063928571429"	"219.38500000000002"	"2.0"
"1336281"	"true"	"-148.15333333333334"	"771.8386666666667"	"42.8045371794895"	"3.0"
"466192"	"true"	"-1436.0625"	"4834.27884375"	"601.6766666666667"	"4.0"
"1125840"	"true"	"1611.9650000000001"	"3713.073636363637"	"19.127937222425977"	"2.0"
"968221"	"false"	"-262.64"	"2579.25"	"22.869999999999997"	"2.0"
"938378"	"false"	"347.75"	"4420.724375"	"32.0"	"1.0"
"256433"	"false"	"117688.98"	"125236.11218750001"	"409.48056274970577"	"4.0"
"1256377"	"false"	"531.17"	"3534.501875"	"32.0"	"1.0"
"1421465"	"false"	"-698.19"	"902.4927777777777"	"101.84"	"2.0"
"77617"	"false"	"-261.4733333333333"	"1849.6350000000002"	"68.32269253816376"	"3.0"
"392712"	"false"	"-1439.9099999999999"	"4513.9665625"	"16.0"	"2.0"
"423072"	"true"	"49410.526666666665"	"50260.03666666666"	"44.41861331432151"	"3.0"
"464388"	"false"	"-1818.3324999999998"	"11570.92921875"	"519.2325000000001"	"4.0"
"469173"	"false"	"-2909.515"	"6459.928437499999"	"16.0"	"2.0"
"671694"	"true"	"-821.545"	"3148.708096590909"	"285.32"	"2.0"
"1350141"	"true"	"-75.82"	"2163.2957142857144"	"8.991795996840647"	"4.0"
"665798"	"false"	"664.55"	"3587.6331250000007"	"40.0"	"1.0"
"880199"	"true"	"64228.8375"	"65789.2175"	"105.99266517242279"	"4.0"
"606651"	"false"	"-206.67000000000002"	"421.8596875"	"40.0"	"2.0"
"362660"	"false"	"-620.4699999999999"	"3111.685833333333"	"142.265"	"3.0"
"517672"	"true"	"77012.238"	"79743.06537499999"	"124.91186904178753"	"5.0"
"284252"	"true"	"21890.603333333333"	"23747.054999999997"	"99.10990336064526"	"4.0"
"507101"	"false"	"-134.97"	"1110.418125"	"8.0"	"2.0"
"1433268"	"true"	"1057.67"	"2384.1966666666667"	"1.5"	"1.0"
"538660"	"false"	"37231.244000000006"	"39145.4355"	"112.63358043128513"	"5.0"
"194756"	"true"	"4893.407142857143"	"6548.577729591838"	"81.76478244974523"	"7.0"
"116843"	"false"	"-1234.49"	"1659.4312499999999"	"65.30999999999997"	"3.0"
"571484"	"false"	"92.125"	"1810.8984375000002"	"135.92"	"2.0"
"801670"	"true"	"4.715000000000003"	"1021.3655803571429"	"63.195"	"2.0"
"255608"	"false"	"-685.85"	"1960.895"	"32.0"	"2.0"
"493043"	"false"	"-302.21999999999997"	"607.6674999999999"	"114.36015338503705"	"5.0"
"249976"	"true"	"-550.48"	"2237.7153333333335"	"30.1"	"3.0"
"166365"	"false"	"61776.280000000006"	"66537.75103571429"	"144.72114929990428"	"5.0"
"398047"	"false"	"-2616.08"	"8532.279687499999"	"8.0"	"2.0"
"476675"	"false"	"-1627.0949999999998"	"1818.1640624999995"	"32.0"	"2.0"
"514746"	"false"	"291.4233333333333"	"2419.3522916666666"	"93.125"	"3.0"
"263748"	"false"	"-235.78500000000003"	"2260.8650000000002"	"16.0"	"2.0"
"66848"	"false"	"-1793.9800000000002"	"2658.644166666667"	"148.575"	"3.0"
"140361"	"false"	"-9419.2"	"6014.808749999999"	"0.0"	"1.0"
"1294987"	"false"	"-1033.05"	"1933.044375"	"40.0"	"1.0"
"1412786"	"true"	"61480.39333333333"	"62478.733333333315"	"34.20261550720471"	"4.0"
"997294"	"false"	"-443.73"	"437.45562500000005"	"16.0"	"1.0"
"293118"	"false"	"119734.41"	"128570.00687500002"	"528.2450710714647"	"4.0"
"217405"	"false"	"-25.385"	"419.75781249999994"	"40.0"	"2.0"
"1241021"	"false"	"7640.606666666667"	"9627.131666666666"	"156.50909031219862"	"3.0"
"625593"	"true"	"-480.0"	"1903.8742548076925"	"18.695"	"2.0"
"232343"	"false"	"-52.19"	"909.40625"	"8.0"	"2.0"
"723658"	"false"	"-498.84"	"981.8860416666665"	"128.49666666666667"	"3.0"
"271173"	"false"	"-169.57"	"1958.1696875"	"32.0"	"2.0"
"141395"	"false"	"-580.405"	"741.2043749999999"	"36.015"	"2.0"
"1004301"	"true"	"125212.91"	"129401.14405833333"	"186.11540181490417"	"5.0"
"1090299"	"false"	"-308.56"	"1023.8131250000001"	"40.0"	"1.0"
"71523"	"true"	"-1991.0349999999999"	"3693.9399374999994"	"40.0"	"2.0"
"443455"	"true"	"30607.801666666666"	"32076.586319444443"	"95.17547519258"	"6.0"
"486531"	"true"	"125.47666666666667"	"870.3478869047618"	"15.09"	"3.0"
"1354354"	"true"	"39399.36"	"41552.7891111111"	"173.1608958450942"	"5.0"
"1133716"	"true"	"-296.53499999999997"	"1211.41125"	"84.19500000000001"	"3.0"
"556601"	"false"	"-1646.2133333333334"	"3472.7081249999997"	"90.94999999999999"	"3.0"
"1193061"	"true"	"3774.215"	"5379.571562499999"	"33.425"	"2.0"
"1122254"	"true"	"-466.87"	"477.3015625000001"	"24.395"	"2.0"
"1290147"	"false"	"-471.11"	"924.7256249999999"	"16.0"	"1.0"
"914970"	"false"	"-1183.1100000000001"	"5505.675571428571"	"62.74"	"2.0"
"815706"	"true"	"-496.7633333333333"	"1043.0233333333333"	"179.69204078066295"	"3.0"
"348580"	"false"	"-241.015"	"1818.109375"	"24.0"	"2.0"
"1407902"	"false"	"2892.91"	"11558.56888888889"	"13.5"	"1.0"
"1244222"	"true"	"69364.5325"	"70059.48999999999"	"27.49049606580294"	"4.0"
"223169"	"false"	"422.54"	"2310.853125"	"0.0"	"2.0"
"468656"	"true"	"56919.2975"	"59146.74249999999"	"55.092955245039974"	"4.0"
"425811"	"true"	"-732.4449999999999"	"1441.0927777777779"	"105.635"	"2.0"
"387421"	"false"	"-2691.7400000000002"	"2838.0425"	"216.10429137723577"	"3.0"
"1309243"	"true"	"39487.31"	"40482.75451923077"	"13.72380469495581"	"4.0"
"709171"	"true"	"168.57999999999998"	"1255.46625"	"84.12"	"2.0"
"1137962"	"false"	"507.22"	"2987.2281250000005"	"40.0"	"1.0"
"344180"	"false"	"177627.87666666668"	"181193.87666666668"	"224.45273442619452"	"3.0"
"1341847"	"true"	"164623.25"	"167145.81666666668"	"366.3043235374758"	"3.0"
"961324"	"false"	"-94.48"	"446.55750000000006"	"8.0"	"1.0"
"1018403"	"false"	"-3.6699999999999875"	"1359.2999553571428"	"31.48"	"2.0"
"1200684"	"false"	"-169.01"	"181.40312500000002"	"8.0"	"1.0"
"1439670"	"false"	"-3613.11"	"3163.3962499999993"	"12.0"	"1.0"
"973039"	"false"	"-1933.65"	"3176.6292857142853"	"80.53500000000001"	"2.0"
"128855"	"true"	"12182.288571428571"	"14054.849732142855"	"194.77370717840043"	"7.0"
"276607"	"false"	"711.8599999999999"	"4447.49"	"16.0"	"2.0"
"181732"	"false"	"-749.315"	"5579.9784375"	"32.0"	"2.0"
"648759"	"false"	"-1403.66"	"2411.5606249999996"	"16.0"	"1.0"
"600018"	"true"	"11900.511999999999"	"12304.43925"	"26.517118261809873"	"5.0"
"456380"	"false"	"-58.625"	"2248.4243750000005"	"32.0"	"2.0"
"1410421"	"true"	"83932.8"	"85540.12666666666"	"219.85167980464405"	"4.0"
"508025"	"false"	"-3152.47"	"7802.557812499999"	"24.0"	"2.0"
"142594"	"false"	"-1089.055"	"5404.815624999999"	"16.0"	"2.0"
"801846"	"false"	"-370.58"	"468.53687500000007"	"24.0"	"1.0"
"294482"	"false"	"-384.5"	"4176.133437500001"	"16.0"	"2.0"
"102576"	"true"	"-98.59333333333332"	"2474.4459775641026"	"106.835"	"3.0"
"557063"	"true"	"12216.274"	"12884.140875000001"	"34.66910792456643"	"5.0"
"86890"	"true"	"590.3100000000001"	"1854.9214583333332"	"16.79"	"3.0"
"870376"	"false"	"-1998.1350000000002"	"2114.140416666667"	"184.4"	"2.0"
"1123266"	"false"	"-162.03"	"1321.9810208333336"	"27.654999999999998"	"2.0"
"655601"	"false"	"-4097.725"	"2310.1881249999997"	"16.0"	"2.0"
"906214"	"true"	"-572.9300000000001"	"3062.9145535714288"	"364.70500000000004"	"2.0"
"908667"	"false"	"-230.8"	"684.0615625"	"175.135"	"2.0"
"1164065"	"false"	"54.78"	"359.25874999999996"	"8.0"	"1.0"
"157994"	"false"	"-5393.83"	"3182.0653125000003"	"155.03"	"2.0"
"909360"	"false"	"-1615.79"	"1970.720625"	"24.0"	"1.0"
"316724"	"true"	"729.5450000000001"	"3365.0880625000004"	"85.475"	"2.0"
"1080201"	"false"	"104.55"	"1806.8556250000001"	"8.0"	"1.0"
"74163"	"true"	"16135.584285714283"	"17824.994333900228"	"119.78322490639097"	"7.0"
"118922"	"false"	"23.25"	"293.85687500000006"	""	"1.0"
"373143"	"false"	"319.43999999999994"	"3165.3534375"	"0.0"	"2.0"
"1272426"	"false"	"2.61"	"405.945"	"24.0"	"1.0"
"953261"	"false"	"-1356.03"	"1008.219375"	"24.0"	"1.0"
"1241747"	"true"	"-34.08"	"638.0920000000001"	"26.234888865891048"	"4.0"
"1237325"	"false"	"-1520.95"	"3486.6499999999996"	"16.0"	"1.0"
"1238007"	"false"	"4731.44"	"7406.264999999999"	"49.764834132227186"	"3.0"
"1380633"	"false"	"-567.38"	"1872.3006666666668"	"22.5"	"1.0"
"823582"	"false"	"40.46"	"5969.2318749999995"	"24.0"	"1.0"
"973644"	"true"	"22667.1375"	"25218.575999999997"	"81.12323567569068"	"4.0"
"280083"	"false"	"13594.695"	"21816.280104166664"	"537.6255320505614"	"6.0"
"469426"	"true"	"-1762.455"	"2400.449826388889"	"140.355"	"2.0"
"1340692"	"false"	"-911.11"	"1858.1643750000003"	"16.0"	"1.0"
"263209"	"false"	"-817.12"	"2091.8612500000004"	"16.0"	"2.0"
"669417"	"false"	"26065.104"	"29239.266374999996"	"256.4209981448262"	"5.0"
"142979"	"false"	"-197.16"	"974.145"	"32.0"	"1.0"
"1109054"	"true"	"205.70999999999998"	"665.9036363636365"	"16.26844037772065"	"4.0"
"824143"	"false"	"-546.21"	"1516.9856249999998"	"194.865"	"2.0"
"107889"	"false"	"-3758.0299999999997"	"3817.2390625"	"34.010000000000005"	"2.0"
"1229933"	"false"	"62438.93333333333"	"64301.05833333333"	"30.21897984409289"	"3.0"
"878637"	"false"	"135.08499999999998"	"2964.875"	"51.4"	"2.0"
"50623"	"true"	"1242.1800000000003"	"5386.494333333333"	"47.715"	"3.0"
"649452"	"false"	"-178.94"	"845.016"	"20.0"	"1.0"
"558372"	"false"	"-1577.67"	"2180.00875"	"0.0"	"2.0"
"1182413"	"false"	"-367.215"	"2746.3002142857144"	"11.184999999999999"	"2.0"
"1239635"	"true"	"53.17999999999999"	"340.48727272727274"	"13.531877297099841"	"2.0"
"659429"	"false"	"-120.045"	"283.25656250000003"	"185.94"	"2.0"
"204744"	"false"	"-362.92999999999995"	"1970.0140625"	"65.65"	"2.0"
"451408"	"true"	"31253.676666666666"	"32799.11666666667"	"178.52513903194983"	"3.0"
"1241670"	"false"	"-1059.41"	"3193.4468749999996"	"16.0"	"1.0"
"651014"	"false"	"-653.815"	"2788.2"	"16.0"	"2.0"
"377807"	"false"	"-888.345"	"2096.498125"	"24.0"	"2.0"
"1155683"	"false"	"620.44"	"2132.634375"	"24.0"	"1.0"
"906566"	"true"	"73060.89"	"73113.80666666666"	"8.294695484185807"	"3.0"
"850224"	"false"	"50198.44"	"53049.43910714287"	"197.55602168881248"	"4.0"
"1439560"	"true"	"755.975"	"1745.370625"	"4.0"	"2.0"
"911978"	"true"	"4282.685"	"7065.295075757575"	"197.8963501639824"	"4.0"
"1195349"	"false"	"-158.92"	"2176.703125"	"8.0"	"1.0"
"1042482"	"false"	"-1233.66"	"2247.1868750000003"	"0.0"	"1.0"
"1118206"	"false"	"-245.495"	"240.88804166666668"	"18.700000000000003"	"2.0"
"732337"	"false"	"-351.11"	"304.09812500000004"	"16.0"	"1.0"
"28898"	"false"	"-1701.3133333333335"	"413.09791666666666"	"68.60053170396672"	"3.0"
"1340747"	"false"	"59.035"	"482.1175"	"81.61000000000001"	"2.0"
"482538"	"false"	"-868.94"	"828.1193749999999"	"32.0"	"1.0"
"513239"	"true"	"972.98"	"1429.639375"	"40.0"	"2.0"
"1403898"	"true"	"139061.78"	"141278.46"	"83.67124381078581"	"4.0"
"72590"	"true"	"-1995.67"	"2911.962916666667"	"74.39333333333333"	"3.0"
"1215721"	"false"	"-642.05"	"755.0818749999999"	"32.0"	"1.0"
"970234"	"false"	"-1098.655"	"667.7683238636364"	"240.12"	"2.0"
"1217888"	"false"	"-115.47"	"579.863125"	"16.0"	"1.0"
"78827"	"false"	"-3826.07"	"7638.2953125"	"24.0"	"2.0"
"475927"	"false"	"135.20499999999998"	"928.8325"	"8.0"	"2.0"
"939269"	"false"	"11.83"	"42.63250000000001"	"24.0"	"1.0"
"986943"	"false"	"-1175.05"	"5849.831875000001"	"40.0"	"1.0"
"1056067"	"false"	"161.255"	"704.921125"	"32.705"	"2.0"
"30009"	"true"	"102.02"	"2640.9475416666673"	"8.0"	"2.0"
"1199034"	"false"	"-1288.5"	"7388.871875"	"40.0"	"1.0"
"140262"	"false"	"41031.96"	"44620.13208333334"	"45.37353276790938"	"3.0"
"724054"	"false"	"-430.65"	"3590.7975"	"16.0"	"1.0"
"341012"	"false"	"-165.4"	"1068.5334375"	"40.0"	"2.0"
"1418066"	"false"	"9.86"	"1342.0244444444443"	"18.0"	"1.0"
"641587"	"false"	"-435.18"	"1586.0818749999999"	"8.0"	"1.0"
"383472"	"false"	"1459.1833333333334"	"5541.115000000001"	"496.3966666666666"	"3.0"
"1216084"	"false"	"1508.0966666666666"	"4091.0333333333333"	"160.09281968274706"	"3.0"
"43572"	"false"	"-579.0433333333333"	"4255.114375"	"11.41"	"3.0"
"978000"	"true"	"390.275"	"2861.045"	"58.80951027088768"	"2.0"
"433390"	"true"	"-410.58500000000004"	"1180.5622767857144"	"26.21"	"2.0"
"957067"	"false"	"1902.13"	"3785.4799999999996"	"182.0641964779048"	"3.0"
"859871"	"false"	"65609.62399999998"	"68711.1703"	"183.89507804441186"	"5.0"
"938169"	"true"	"-576.6"	"15408.302624999998"	"34.035"	"2.0"
"144057"	"false"	"38629.90666666667"	"43190.28166666666"	"177.64009423834727"	"3.0"
"46509"	"false"	"-1140.13"	"5500.21375"	"200.10499999999996"	"2.0"
"880606"	"true"	"25561.050000000003"	"28051.380624999998"	"123.42283637163727"	"5.0"
"358843"	"true"	"2247.4199999999996"	"8484.46062937063"	"79.45780688456026"	"3.0"
"1450527"	"false"	"59953.506666666675"	"60597.84333333332"	"27.645115980377877"	"3.0"
"1075284"	"false"	"-67.69"	"289.59062500000005"	"24.0"	"1.0"
"1017347"	"true"	"9556.8925"	"10481.99857142857"	"71.36798982390303"	"5.0"
"186418"	"false"	"87.40666666666665"	"1991.4004583333333"	"69.21"	"3.0"
"957166"	"false"	"-1849.4"	"1754.7625000000003"	"0.0"	"1.0"
"316350"	"false"	"-2363.22"	"5953.565833333333"	"426.68"	"3.0"
"1431574"	"false"	"-30.74"	"8.57125"	"4.0"	"1.0"
"862918"	"true"	"-4704.8925"	"9516.279190340909"	"290.6125"	"4.0"
"1181027"	"false"	"231.93"	"1034.035"	"8.0"	"1.0"
"1395945"	"true"	"11863.039999999999"	"11978.58625"	"7.495322865167358"	"4.0"
"873280"	"true"	"-1594.135"	"3333.0078125"	"90.96000000000001"	"2.0"
"1305536"	"true"	""	""	""	"1.0"
"549506"	"false"	"-724.67"	"4289.6537499999995"	"16.0"	"1.0"
"1038797"	"false"	"-559.56"	"792.8812500000001"	"0.0"	"1.0"
"994302"	"false"	"-429.34"	"1203.976875"	"32.0"	"1.0"
"893905"	"false"	"50517.04"	"52629.280000000006"	"135.23741270145223"	"3.0"
"401259"	"true"	"11484.606666666667"	"14449.210151515152"	"183.57692364459757"	"3.0"
"21286"	"false"	"-1880.615"	"2896.6593750000006"	"16.0"	"2.0"
"1400147"	"true"	"21845.575"	"22249.622499999998"	"13.219124051645341"	"4.0"
"45332"	"true"	"-458.7133333333333"	"2481.3758333333335"	"505.4200000000001"	"3.0"
"1162888"	"false"	"-243.78"	"1194.2125"	"32.0"	"1.0"
"456732"	"true"	"-282.61"	"1303.789166666667"	"60.529999999999994"	"2.0"
"191841"	"false"	"-348.115"	"4958.2009375"	"24.0"	"2.0"
"438461"	"false"	"-664.475"	"638.7009375"	"16.0"	"2.0"
"330001"	"false"	"-1218.8766666666668"	"5535.081874999999"	"28.006572706245326"	"3.0"
"191269"	"true"	"772.1033333333334"	"4597.728125"	"54.30333333333334"	"3.0"
"327702"	"false"	"-134.98"	"166.2528125"	"40.0"	"2.0"
"492504"	"true"	"54537.405999999995"	"56457.53694642857"	"114.46131456067539"	"5.0"
"1032087"	"true"	"-7359.84"	"-459.99"	"622.5460513202709"	"2.0"
"175858"	"false"	"-390.45"	"1549.4156249999999"	"51.120000000000005"	"3.0"
"175088"	"false"	"-910.05"	"3236.9293749999997"	"40.0"	"1.0"
"1214456"	"false"	"125.78"	"727.8006250000001"	"32.0"	"1.0"
"1162206"	"true"	"230.15"	"2852.312727272728"	"27.5"	"1.0"
"251362"	"true"	"32305.004000000004"	"36842.961191666676"	"127.4378527999725"	"5.0"
"367269"	"false"	"-5462.485"	"7858.713125000001"	"40.0"	"2.0"
"402183"	"true"	"20621.198"	"22112.624125"	"68.98965927902825"	"5.0"
"964822"	"false"	"-967.31"	"1021.965"	"8.0"	"1.0"
"1193292"	"false"	"-92.65"	"343.03375"	"16.0"	"1.0"
"318792"	"false"	"278.09"	"1385.0762499999998"	"8.0"	"1.0"
"1061666"	"true"	"-1462.02"	"1698.6394034090908"	"72.86"	"2.0"
"280776"	"false"	"-1144.385"	"1137.6028125"	"32.0"	"2.0"
"73294"	"true"	"199.105"	"1346.0603124999998"	"106.765"	"2.0"
"818676"	"false"	"-225.045"	"806.5075000000002"	"193.925"	"2.0"
"1358435"	"false"	"18371.20666666667"	"18805.113333333335"	"34.128174692009196"	"3.0"
"854272"	"false"	"-1643.6100000000001"	"1331.8621875000001"	"40.22"	"2.0"
"1332552"	"false"	"-7139.11"	"6565.456875"	"16.0"	"1.0"
"842194"	"true"	"-2541.325"	"2616.4233750000003"	"139.92499999999998"	"2.0"
"1002926"	"false"	"70972.80249999999"	"74461.54890625"	"282.50333789999075"	"4.0"
"530960"	"false"	"-683.82"	"919.2290625000003"	"78.46425725871384"	"2.0"
"252473"	"false"	"412.1"	"2438.510625"	"40.0"	"1.0"
"694871"	"false"	"-26.41"	"155.036875"	"8.0"	"1.0"
"40679"	"false"	"-555.36"	"1656.8053125"	"187.03500000000003"	"2.0"
"833977"	"true"	"57.806666666666665"	"348.3643055555556"	"63.35666666666666"	"3.0"
"67871"	"false"	"-2465.8033333333333"	"2608.8883333333333"	"165.32000000000002"	"3.0"
"776601"	"false"	"19605.1625"	"20412.54765625"	"67.57563799280113"	"4.0"
"286705"	"false"	"-2635.605"	"2314.6846875"	"8.0"	"2.0"
"780209"	"true"	"744.565"	"892.0181249999999"	"1.3"	"2.0"
"594276"	"false"	"-2144.9700000000003"	"3505.4556250000005"	"16.0"	"2.0"
"883653"	"false"	"84.14500000000001"	"1275.655"	"212.53"	"2.0"
"993752"	"false"	"498.18"	"1334.1637500000002"	"16.0"	"1.0"
"102554"	"true"	"-387.88"	"1159.735"	"20.0"	"2.0"
"1334807"	"true"	"-462.36"	"645.0553333333334"	"0.0"	"4.0"
"808732"	"false"	"-970.245"	"2898.1662499999993"	"16.63"	"2.0"
"1094457"	"false"	"-3092.885"	"8317.490408653846"	"367.315"	"2.0"
"1133914"	"false"	"30791.138"	"31675.569316666668"	"75.72792749719237"	"5.0"
"845230"	"true"	"29417.988000000005"	"30515.89525"	"80.75063211810618"	"5.0"
"552355"	"false"	"-460.445"	"2225.4553125"	"40.22"	"2.0"
"1115951"	"false"	"-707.93"	"3312.5074999999997"	"16.0"	"1.0"
"1184360"	"false"	"10931.575"	"12102.458281250001"	"29.204028217306973"	"4.0"
"1364012"	"true"	"-170.92"	"501.89588095238105"	"24.045"	"2.0"
"661926"	"false"	"83.38"	"984.6665625"	"8.0"	"2.0"
"279027"	"true"	"-554.4499999999999"	"-151.925"	"12.729071747711549"	"4.0"
"333752"	"false"	"-788.2733333333332"	"2122.3945833333332"	"54.945"	"3.0"
"268742"	"true"	"7099.221428571428"	"7252.189946428572"	"35.68445201500368"	"7.0"
"986712"	"false"	"37.21"	"2136.191875"	"32.0"	"1.0"
"65429"	"false"	"487.88"	"5974.5221875"	"526.4649999999999"	"2.0"
"849520"	"true"	"26550.096"	"29142.829375"	"66.35403919948264"	"5.0"
"191071"	"false"	"46368.14666666667"	"48308.37083333333"	"142.62972595843277"	"6.0"
"805047"	"false"	"-911.0"	"1080.3100000000002"	"8.0"	"1.0"
"227129"	"false"	"4031.8849999999998"	"9335.78625"	"59.17866816332548"	"2.0"
"1449768"	"false"	"464.33"	"2248.1074285714285"	"27.445"	"2.0"
"856703"	"false"	"-597.325"	"1146.854375"	"92.71499999999999"	"2.0"
"119296"	"false"	"-173.875"	"152.803125"	"16.0"	"2.0"
"1427383"	"false"	"-784.01"	"1074.1000000000001"	"4.0"	"1.0"
"357842"	"false"	"258.55999999999995"	"4613.808125"	"8.0"	"2.0"
"468095"	"false"	"-502.83"	"3748.060624999999"	"0.0"	"1.0"
"599721"	"false"	"-603.85"	"2707.0949999999993"	"32.0"	"1.0"
"825133"	"true"	"1036.09"	"1497.8990909090908"	"29.55"	"2.0"
"1427251"	"false"	"425.775"	"640.3799999999999"	"9.458375265825154"	"2.0"
"1404206"	"true"	"4400.8075"	"4776.114999999999"	"31.027862449252133"	"4.0"
"1339031"	"false"	"-423.78"	"687.258125"	"0.0"	"1.0"
"733558"	"false"	"-127.67"	"2347.8268749999997"	"8.0"	"1.0"
"1094677"	"false"	"21.98"	"1281.53125"	"16.0"	"1.0"
"712889"	"true"	"270.26666666666665"	"1363.7655555555555"	"5.222133117698994"	"3.0"
"564840"	"false"	"-1154.795"	"1065.469375"	"8.0"	"2.0"
"54506"	"false"	"-1906.3274999999999"	"4387.834479166666"	"374.40500000000003"	"4.0"
"1267124"	"true"	"-220.7"	"1122.65125"	"217.10000000000002"	"2.0"
"1085591"	"false"	"-0.22"	"0.2950000000000001"	"0.0"	"1.0"
"1393250"	"false"	"343.4"	"2119.555879120879"	"90.36"	"2.0"
"536537"	"true"	"11767.6525"	"12607.604642857143"	"53.78192912501092"	"4.0"
"1336094"	"true"	"25719.5275"	"25841.49175"	"11.525238072181825"	"4.0"
"1226523"	"false"	"27414.1625"	"29130.2359375"	"156.38072351553487"	"4.0"
"505198"	"false"	"-128.27499999999998"	"3996.5171875000005"	"24.0"	"2.0"
"1092807"	"false"	"-154.71"	"32.736875000000005"	"8.0"	"1.0"
"1060291"	"false"	"-34.5"	"235.350625"	"0.0"	"1.0"
"1066660"	"false"	"-403.08"	"632.6131249999999"	"8.0"	"1.0"
"447459"	"false"	"-1543.2"	"4978.373124999998"	"0.0"	"1.0"
"1236544"	"true"	"50351.40666666667"	"54190.15625"	"85.27450029638622"	"4.0"
"663158"	"false"	"-433.545"	"1960.77125"	"429.6375"	"4.0"
"642280"	"true"	"-970.43"	"4659.344375"	"1048.5"	"2.0"
"799371"	"true"	"914.7249999999999"	"2838.137333333333"	"265.59"	"2.0"
"268819"	"true"	"52.21"	"3896.648"	"37.5"	"1.0"
"796346"	"false"	"-2295.3849999999998"	"4163.278437499999"	"351.90500000000003"	"2.0"
"533193"	"false"	"-735.1999999999999"	"3360.0687500000004"	"8.0"	"2.0"
"35553"	"false"	"65523.033333333326"	"68741.65833333333"	"40.869796227016145"	"3.0"
"955461"	"false"	"-48.44"	"45.387499999999996"	"32.0"	"1.0"
"547350"	"false"	"-209.925"	"1305.3887500000003"	"32.0"	"2.0"
"181226"	"false"	"-284.53999999999996"	"1307.355625"	"8.0"	"2.0"
"307352"	"false"	"57821.0125"	"64708.11171875"	"188.65157779231234"	"4.0"
"255476"	"true"	"35138.21"	"39247.5525"	"242.543815699571"	"5.0"
"1435479"	"false"	"-240.38"	"3610.5824999999995"	"4.0"	"1.0"
"141615"	"false"	"-107.77333333333333"	"2296.9337499999997"	"377.18999999999994"	"3.0"
"1242440"	"false"	"-1568.43"	"5833.828125"	"24.0"	"1.0"
"1301026"	"true"	"8335.3175"	"8805.250000000002"	"13.964016545614003"	"4.0"
"1122166"	"false"	"-517.895"	"629.9578125"	"7.65"	"2.0"
"56673"	"false"	"3782.6575000000003"	"11757.2803125"	"310.61211030634894"	"4.0"
"447558"	"false"	"-1088.1299999999999"	"2163.7035416666668"	"98.21999999999998"	"3.0"
"1125928"	"true"	"15940.6675"	"17309.2275"	"12.876803206875536"	"4.0"
"1346632"	"false"	"-304.82"	"367.18"	"40.0"	"1.0"
"409267"	"false"	"-54.48000000000002"	"2878.15375"	"0.0"	"2.0"
"486091"	"false"	"-1333.645"	"6132.025625"	"40.0"	"2.0"
"955329"	"true"	"9302.2775"	"9555.76"	"47.169163710747966"	"4.0"
"584365"	"false"	"-402.145"	"516.9534375000001"	"19.490000000000002"	"2.0"
"853700"	"true"	"-1536.18"	"2967.5284166666665"	"162.29"	"2.0"
"1152834"	"false"	"-791.03"	"808.0393749999998"	"8.0"	"1.0"
"997085"	"false"	"-1461.7649999999999"	"3629.2496875000006"	"983.25"	"2.0"
"1036883"	"false"	"-2352.51"	"2562.9887500000004"	"24.0"	"1.0"
"782354"	"true"	"-986.89"	"5740.0257142857145"	"31.135000000000005"	"2.0"
"950159"	"false"	"19.9"	"106.51750000000001"	"24.0"	"1.0"
"118647"	"false"	"45846.335999999996"	"48765.83018333333"	"122.31043775069674"	"5.0"
"260030"	"false"	"-19.990000000000002"	"944.6818750000001"	"24.0"	"2.0"
"642214"	"true"	"924.202"	"1958.3102222222224"	"38.07081784748918"	"5.0"
"1093368"	"true"	""	""	""	"4.0"
"414129"	"false"	"-996.3833333333333"	"4572.221416666666"	"230.08"	"3.0"
"209980"	"true"	"545.6533333333332"	"2413.6631250000005"	"66.64"	"3.0"
"452200"	"false"	"9268.995"	"12179.99859375"	"35.84982044758273"	"4.0"
"1442013"	"false"	"390.6"	"1755.2657142857145"	"14.0"	"1.0"
"269699"	"true"	"-375.2066666666667"	"1351.160625"	"53.775"	"3.0"
"316790"	"true"	"-1540.1399999999999"	"2750.6634375000003"	"158.165"	"2.0"
"249129"	"false"	"439.2800000000001"	"3706.4309375000003"	"182.23499999999999"	"2.0"
"583199"	"true"	"-1350.665"	"1827.09646875"	"120.11672818013868"	"4.0"
"1064009"	"false"	"-9.01"	"343.341875"	"16.0"	"1.0"
"390545"	"true"	"26218.091666666664"	"28551.246354166662"	"117.5929790557952"	"6.0"
"791407"	"false"	"-3507.22"	"2483.0293750000005"	"288.62"	"1.0"
"460978"	"true"	"-4126.864285714286"	"5743.116775510205"	"535.2893848120087"	"7.0"
"1045221"	"false"	"-5.47"	"2325.356875"	"24.0"	"1.0"
"557250"	"false"	"-339.09"	"788.936875"	"32.0"	"1.0"
"545810"	"false"	"176.88"	"1619.825625"	"8.0"	"2.0"
"658054"	"true"	"-1279.4120000000003"	"8662.91900974026"	"148.44077876918365"	"5.0"
"1080047"	"false"	"33067.0675"	"37981.20416666667"	"272.3126406883039"	"4.0"
"364959"	"true"	"172.34"	"301.175"	"145.29000000000002"	"2.0"
"823615"	"false"	"-285.63"	"1056.1578125"	"94.89"	"2.0"
"531675"	"false"	"-367.6725"	"734.531875"	"117.99333333333333"	"4.0"
"1061028"	"false"	"-1384.21"	"1372.329375"	"24.0"	"1.0"
"596938"	"false"	"-503.48"	"3460.8621875"	"24.0"	"2.0"
"907171"	"false"	"-1075.1"	"1730.7893749999998"	"32.0"	"1.0"
"609060"	"false"	"-1476.34"	"1286.32625"	"40.0"	"1.0"
"1383768"	"false"	"-397.17"	"922.5546153846152"	"13.0"	"1.0"
"308254"	"false"	"-193.745"	"382.98031249999997"	"0.0"	"2.0"
"302083"	"true"	"-692.0733333333333"	"967.7113888888889"	"92.30000000000001"	"3.0"
"922835"	"false"	"643.02"	"1860.9731250000002"	"32.0"	"1.0"
"211421"	"false"	"7964.7733333333335"	"13566.428229166666"	"175.01672128609317"	"6.0"
"383901"	"true"	"-98.365"	"1694.5495454545458"	"37.30627944250479"	"2.0"
"183305"	"false"	"-758.31"	"2308.5759375"	"0.0"	"2.0"
"502107"	"true"	"-3557.1"	"3178.561875"	"16.0"	"2.0"
"922175"	"false"	"-21.21"	"45.474374999999995"	"16.0"	"1.0"
"388785"	"false"	"-22.79"	"1428.569375"	"24.0"	"2.0"
"59489"	"false"	"43891.322499999995"	"45677.79359375"	"45.51522781023391"	"4.0"
"372439"	"false"	"308.245"	"5104.026562499999"	"32.0"	"2.0"
"395165"	"false"	"48853.88"	"52610.55050000001"	"319.372805408232"	"5.0"
"219979"	"true"	"9528.41"	"11645.85"	"1138.9994456865247"	"3.0"
"910812"	"false"	"655510.12"	"682453.57"	"1326.9086657912815"	"3.0"
"1080916"	"false"	"-5461.97"	"4748.8375"	"24.0"	"1.0"
"1161304"	"true"	"-708.715"	"1543.2541666666668"	"168.485"	"2.0"
"138821"	"true"	"105471.955"	"111400.88"	"239.5246517241727"	"4.0"
"895071"	"false"	"119443.97666666667"	"124336.02666666667"	"225.38267197839437"	"3.0"
"479722"	"false"	"-627.65"	"1361.046875"	"36.71"	"2.0"
"1306218"	"true"	"492.59"	"1776.4237500000002"	"8.0"	"1.0"
"430607"	"false"	"-1374.5375000000001"	"2561.22828125"	"301.2633333333333"	"4.0"
"706817"	"false"	"14180.089999999998"	"14663.214999999998"	"131.94970989283084"	"3.0"
"476642"	"false"	"2772.84"	"6003.990000000002"	"0.02"	"1.0"
"1420365"	"true"	"1140.77"	"2100.111428571429"	"10.5"	"1.0"
"1326557"	"false"	"370.22"	"2905.239375"	"8.0"	"1.0"
"191467"	"true"	"3992.2825"	"12034.849583333333"	"627.9107384715732"	"8.0"
"321124"	"true"	"140.945"	"1452.88625"	"72.265"	"2.0"
"420531"	"false"	"33001.229999999996"	"34900.81137499999"	"263.79469320693414"	"5.0"
"379116"	"false"	"-195.11"	"1665.8134375"	"8.0"	"2.0"
"769781"	"true"	"25551.022500000003"	"25952.447249999997"	"20.55529300045563"	"4.0"
"1342320"	"false"	"-3374.91"	"3098.6468750000004"	"16.0"	"1.0"
"29272"	"true"	"-1964.88"	"3239.575833333334"	"160.63"	"1.0"
"395715"	"true"	"-865.0566666666667"	"2012.2092824074073"	"34.019999999999996"	"3.0"
"1205051"	"false"	"270.49"	"785.416875"	"40.0"	"1.0"
"1122716"	"true"	"122.62"	"611.8384722222222"	"158.595"	"2.0"
"464938"	"false"	"-861.45"	"1912.9531250000002"	"16.0"	"2.0"
"596960"	"false"	"424.8324999999999"	"1795.454375"	"66.64875288195964"	"4.0"
"1271986"	"false"	"-431.3"	"1523.7075000000002"	"16.0"	"1.0"
"1080982"	"false"	"-1298.5066666666667"	"2381.119791666667"	"200.8166666666667"	"3.0"
"471219"	"false"	"-1363.415"	"1584.16125"	"32.0"	"2.0"
"447756"	"true"	"-1542.4266666666665"	"1117.928541666667"	"368.53268756180495"	"5.0"
"408673"	"false"	"-652.5250000000001"	"2003.0511505681818"	"141.38666666666666"	"4.0"
"702461"	"false"	"376.685"	"1760.3128124999998"	"69.99491617640332"	"2.0"
"884170"	"false"	"-910.96"	"468.400625"	"109.295"	"2.0"
"1051876"	"false"	"-2219.43"	"2867.978125"	"40.0"	"1.0"
"236556"	"false"	"-1193.78"	"2270.09625"	"16.0"	"1.0"
"1274560"	"false"	"-2589.94"	"2911.34375"	"8.0"	"1.0"
"1001683"	"false"	"-314.19"	"776.831875"	"8.0"	"1.0"
"459790"	"false"	"-296.225"	"1567.9431249999998"	"8.0"	"2.0"
"894576"	"false"	"-58.34"	"2267.6931250000002"	"0.0"	"1.0"
"617695"	"false"	"-1037.105"	"3601.1084375"	"117.56"	"2.0"
"405087"	"true"	"87650.75"	"91937.76454166666"	"110.32589259164736"	"6.0"
"299993"	"false"	"-393.34"	"1310.3897435897436"	"230.395"	"3.0"
"583001"	"false"	"82.27"	"325.01312499999995"	"0.0"	"1.0"
"1211684"	"false"	"-48.04"	"103.11625000000001"	"16.0"	"1.0"
"174516"	"false"	"-2645.475"	"4816.533125"	"245.43"	"2.0"
"1096646"	"true"	"3310.51"	"4386.999999999999"	"63.506501655343136"	"3.0"
"772663"	"false"	"-3915.15"	"2847.0581249999996"	"40.0"	"2.0"
"76891"	"false"	"6908.165714285715"	"7460.111655219781"	"64.35495401649685"	"7.0"
"412908"	"true"	"107971.60999999999"	"112343.09333333332"	"242.8421029449768"	"4.0"
"291072"	"false"	"-464.12999999999994"	"3647.265625"	"41.31779129746166"	"2.0"
"845241"	"true"	"489.58500000000004"	"2440.0325"	"84.46499999999999"	"2.0"
"253540"	"false"	"-283.76"	"2688.931875"	""	"1.0"
"16050"	"false"	"54340.82714285714"	"56865.34946428572"	"187.62699756269544"	"7.0"
"1052811"	"false"	"29.92"	"289.559375"	"16.0"	"1.0"
"453773"	"true"	"-281.49333333333334"	"1903.1725925925923"	"163.53"	"3.0"
"410917"	"false"	"-389.61500000000007"	"2824.6093749999995"	"32.0"	"2.0"
"1398596"	"true"	"-286.94"	"1193.141111111111"	"22.5"	"1.0"
"494330"	"false"	"-868.5600000000001"	"1693.5687499999997"	"381.68500000000006"	"2.0"
"173955"	"false"	"-2136.56"	"3388.99296875"	"219.90333333333334"	"4.0"
"874281"	"false"	"-452.825"	"3013.7225"	"88.44500000000001"	"2.0"
"479491"	"false"	"431.78999999999996"	"2129.0003125000003"	"16.0"	"2.0"
"93435"	"true"	"2455.0366666666664"	"11039.068680555554"	"221.25333333333333"	"3.0"
"724307"	"false"	"5.71"	"295.51125"	"49.580000000000005"	"1.0"
"1001375"	"true"	"20638.894999999997"	"21540.155249999996"	"18.002548743564297"	"4.0"
"287673"	"false"	"10955.535000000002"	"15548.2509375"	"122.48904875496173"	"6.0"
"1240394"	"true"	"24258.185"	"25955.1035"	"15.19007712751332"	"4.0"
"201191"	"true"	"63216.002"	"65074.843624999994"	"135.71317501166953"	"5.0"
"1317438"	"true"	"101.68"	"303.32500000000005"	"11.777721825513366"	"2.0"
"237865"	"true"	"-452.9066666666667"	"2576.990277777778"	"167.6"	"3.0"
"682056"	"false"	"-2209.11"	"2924.0278125000004"	"16.0"	"2.0"
"996018"	"false"	"-819.74"	"2336.591875"	"32.0"	"1.0"
"43539"	"false"	"-5094.264999999999"	"4887.576875"	"32.0"	"2.0"
"788415"	"false"	"-305.87"	"1849.5743750000004"	"236.33999999999997"	"2.0"
"1269731"	"true"	"13502.94"	"14487.3115625"	"28.24947809777381"	"4.0"
"256686"	"true"	"72869.05666666667"	"75560.60666666666"	"196.71504782296006"	"4.0"
"577732"	"false"	"347.07"	"6870.2"	"8.0"	"1.0"
"493395"	"false"	"-621.65"	"1267.0228020833333"	"71.93666666666667"	"4.0"
"235775"	"false"	"-816.09"	"1458.8956249999999"	"40.0"	"2.0"
"420388"	"false"	"-933.8899999999999"	"3581.5078125"	"16.0"	"2.0"
"1431178"	"true"	"20912.86"	"21255.51"	"30.600138611358528"	"4.0"
"182084"	"true"	"-3527.9625"	"9184.0280625"	"696.7866666666665"	"4.0"
"101498"	"false"	"-1321.4750000000001"	"2082.7646874999996"	"24.0"	"2.0"
"268214"	"false"	"-417.61"	"1356.1365625"	"0.0"	"2.0"
"571011"	"false"	"-1081.69"	"1757.7087500000002"	"8.0"	"2.0"
"309288"	"false"	"-63.73500000000001"	"156.81947916666667"	"47.78"	"2.0"
"580328"	"false"	"-396.125"	"1327.9221875000003"	"140.23000000000002"	"2.0"
"33947"	"true"	"4135.455"	"11072.560520833333"	"24.0"	"2.0"
"245620"	"false"	"85.47"	"3307.7281249999996"	""	"1.0"
"1450384"	"false"	"795.05"	"1317.4242857142858"	"14.0"	"1.0"
"712273"	"true"	"44559.1775"	"47383.78762499999"	"134.17326613662533"	"4.0"
"1346907"	"false"	"-2369.25"	"2673.6600000000003"	"8.0"	"1.0"
"44078"	"false"	"-834.22"	"3803.135395833334"	"87.885"	"2.0"
"829940"	"false"	"41569.135"	"46677.48578124999"	"523.4276605738905"	"4.0"
"129383"	"true"	"-614.88"	"1414.2915625000003"	"583.295"	"3.0"
"1306119"	"false"	"30.81"	"324.62749999999994"	"32.0"	"1.0"
"1242539"	"false"	"-1523.395"	"2557.1623214285714"	"77.655"	"2.0"
"564334"	"true"	"34555.869999999995"	"35807.236875"	"82.50669756238965"	"4.0"
"404064"	"false"	"-54.59"	"5689.159999999999"	"629.09"	"1.0"
"1110088"	"true"	"-4947.22"	"7377.194999999999"	"112.22000000000001"	"2.0"
"813506"	"false"	"764.5849999999999"	"3032.0971874999996"	"86.55499999999999"	"2.0"
"663521"	"true"	"36265.4225"	"39334.768249999994"	"58.36193434332066"	"4.0"
"355752"	"false"	"-1127.76"	"1869.5887500000001"	"16.0"	"2.0"
"1292116"	"false"	"-1265.59"	"1220.1831249999998"	"8.0"	"1.0"
"1347710"	"false"	"-14.02"	"2914.9962499999997"	"16.0"	"1.0"
"891034"	"true"	"4902.026666666667"	"6482.417222222221"	"104.8322097310825"	"3.0"
"694893"	"false"	"182.9"	"2523.5625"	"24.0"	"1.0"
"944483"	"false"	"-727.11"	"1678.7549999999999"	"24.0"	"1.0"
"845923"	"false"	"-671.45"	"9533.942812500001"	"268.015"	"2.0"
"468282"	"false"	"-2990.36"	"2178.45"	"32.0"	"1.0"
"285517"	"false"	"-39.545"	"509.94187500000004"	"8.0"	"2.0"
"640916"	"false"	"-125.64"	"565.1428125"	"8.0"	"2.0"
"426097"	"false"	"-1602.3049999999998"	"3107.0799999999995"	"16.0"	"2.0"
"1276848"	"false"	"-1149.03"	"3791.385"	"24.0"	"1.0"
"740719"	"false"	"15695.795"	"16358.493214285714"	"40.156339317577"	"4.0"
"1428769"	"false"	"-1.5"	"3.04125"	"4.0"	"1.0"
"145388"	"false"	"34720.43"	"35975.53"	"104.2586227429124"	"3.0"
"114687"	"true"	"63337.417142857135"	"65036.42077380952"	"102.93185328042468"	"7.0"
"688513"	"false"	"931.51"	"3768.342857142857"	"343.30787968713616"	"2.0"
"174010"	"true"	"22755.77"	"23964.067999999992"	"46.64088433680986"	"5.0"
"1202851"	"false"	"-739.46"	"2349.8587500000003"	"32.0"	"1.0"
"237744"	"true"	"38139.182"	"39561.73181818182"	"24.11373222470487"	"5.0"
"178300"	"false"	"-417.385"	"696.75125"	"8.0"	"2.0"
"1085536"	"false"	"-2964.54"	"6537.960625000001"	"32.0"	"1.0"
"916884"	"true"	"89086.7175"	"90563.52708333333"	"60.40506952327462"	"4.0"
"960356"	"false"	"-473.72"	"857.7093750000004"	"8.0"	"1.0"
"1397298"	"false"	"-3177.7"	"3427.7374999999997"	"12.0"	"2.0"
"367852"	"false"	"-254.02"	"467.994375"	""	"1.0"
"496970"	"false"	"-693.4"	"926.6706250000001"	"8.0"	"2.0"
"396914"	"false"	"-3928.465"	"8496.9915625"	"32.0"	"2.0"
"292029"	"false"	"10.774999999999977"	"1391.8546875000002"	"16.0"	"2.0"
"1290268"	"true"	"840.275"	"1223.3565624999999"	"9.181361558446572"	"3.0"
"746175"	"true"	"-239.58499999999998"	"167.18781249999998"	"12.0"	"2.0"
"139580"	"false"	"32086.286666666667"	"33637.636666666665"	"63.91228553250596"	"3.0"
"805740"	"true"	"4817.7625"	"5177.7339999999995"	"14.402705207527243"	"4.0"
"989792"	"false"	"-102.41"	"279.74250000000006"	"16.0"	"1.0"
"156861"	"true"	"-330.79499999999996"	"4037.5521874999995"	"213.14999999999998"	"3.0"
"428440"	"false"	"-3232.6099999999997"	"5339.89875"	"0.0"	"2.0"
"1437030"	"false"	"-1083.94"	"868.2362499999999"	"20.0"	"1.0"
"1207482"	"false"	"-289.92"	"300.8725"	"32.0"	"1.0"
"1224664"	"false"	"94492.45"	"96591.0"	"112.31293121626368"	"3.0"
"1369017"	"false"	"-571.05"	"831.855"	"8.0"	"1.0"
"1017908"	"false"	"22375.563333333335"	"23383.563333333324"	"14.868920955696629"	"3.0"
"106723"	"true"	"40849.448000000004"	"43084.841125000006"	"160.45154849595502"	"5.0"
"1425084"	"false"	"609.57"	"2569.0600000000004"	"0.0"	"1.0"
"421884"	"true"	"1200.23"	"1858.2113636363636"	"62.067929923230075"	"2.0"
"950082"	"true"	"-413.765"	"1308.5328125"	"8.75"	"2.0"
"1282326"	"true"	"617.18"	"1059.445909090909"	"82.25"	"2.0"
"1299871"	"true"	"-2082.33"	"3871.771428571428"	"0.0"	"1.0"
"107493"	"false"	"-1242.44"	"6429.78125"	"387.46"	"3.0"
"207945"	"false"	"-3322.475"	"3863.7071875000006"	"0.0"	"2.0"
"1069916"	"false"	"-4.26"	"114.86625000000001"	"0.0"	"1.0"
"226755"	"false"	"-989.325"	"4177.5178125"	"32.0"	"2.0"
"920129"	"false"	"-336.59"	"1223.7081249999999"	"8.0"	"1.0"
"146862"	"true"	"6838.813333333333"	"8408.478301282054"	"50.52754218717764"	"6.0"
"1066693"	"false"	"-1670.24"	"1112.778125"	"8.0"	"1.0"
"1037081"	"false"	"-4609.31"	"6697.245"	"32.0"	"1.0"
"54704"	"true"	"134603.87"	"140765.33296153846"	"166.60459766717833"	"5.0"
"369249"	"false"	"-1800.51"	"4011.1125"	"16.0"	"2.0"
"715562"	"false"	"-4716.045"	"9332.989062500003"	"8.0"	"2.0"
"823472"	"false"	"52093.263333333336"	"53608.71333333335"	"170.8389148203896"	"3.0"
"268709"	"false"	"-25.9533333333333"	"2393.6315277777776"	"70.405"	"3.0"
"98022"	"false"	"82124.4525"	"88159.815"	"358.14366829914917"	"4.0"
"659198"	"false"	"-74.765"	"2128.6725"	"32.0"	"2.0"
"1105864"	"true"	"-331.06"	"433.6736607142857"	"142.36500000000004"	"2.0"
"99188"	"true"	"-370.14500000000004"	"548.5938920454546"	"10.440000000000001"	"2.0"
"380293"	"true"	"-2115.7700000000004"	"4073.67246875"	"184.72677656666102"	"4.0"
"453982"	"false"	"33.495"	"989.6059375"	"0.0"	"2.0"
"48148"	"false"	"-767.41"	"803.1650000000001"	"8.0"	"1.0"
"197682"	"false"	"-3593.7599999999998"	"3778.4209375"	"0.0"	"2.0"
"1311828"	"true"	"4783.063333333333"	"6272.513333333333"	"56.3025369906998"	"3.0"
"1196317"	"false"	"-12.2"	"180.13125000000002"	"40.0"	"1.0"
"1297759"	"true"	"21757.923333333332"	"22672.24"	"83.72184021660802"	"4.0"
"1242627"	"false"	"803.9624999999996"	"2042.653125"	"89.98505061727954"	"4.0"
"1199386"	"false"	"-509.67"	"2147.360625"	"8.0"	"1.0"
"1382316"	"true"	"129.3"	"1697.2801515151514"	"106.96500000000002"	"2.0"
"909349"	"true"	"-305.18"	"1115.9981249999998"	"208.11"	"2.0"
"1071775"	"false"	"-179.76"	"1402.0424999999998"	"32.0"	"1.0"
"21946"	"false"	"1780.31"	"13393.717499999999"	"16.0"	"1.0"
"750663"	"false"	"-1277.2"	"1233.7662500000001"	"24.0"	"1.0"
"235258"	"false"	"56156.305"	"58057.750468750004"	"81.21375265824906"	"4.0"
"813594"	"false"	"-3423.5150000000003"	"5582.9696875"	"218.395"	"2.0"
"37885"	"true"	"25102.600000000002"	"27403.94816184807"	"131.85948286450508"	"7.0"
"193909"	"true"	"-131.28"	"2750.704444444444"	"217.48"	"3.0"
"361648"	"false"	"-462.16499999999996"	"479.3571875"	"24.0"	"2.0"
"1365431"	"false"	"-2254.97"	"1213.69125"	"32.0"	"1.0"
"1065373"	"false"	"111.57"	"638.595625"	"32.0"	"1.0"
"1006864"	"true"	"-795.44"	"9610.544374999998"	"24.0"	"2.0"
"772740"	"false"	"-826.21"	"2041.1299999999999"	"32.0"	"1.0"
"1075878"	"false"	"138.31"	"1178.001875"	"24.0"	"1.0"
"1115621"	"true"	"28762.192500000005"	"30578.641750000006"	"90.90909815820042"	"4.0"
"1269137"	"true"	"-76.96000000000001"	"550.148125"	"51.64050387687669"	"3.0"
"984996"	"true"	"-192.905"	"246.1429166666667"	"14.635"	"2.0"
"490381"	"false"	"-610.17"	"1279.0865625"	"52.78"	"2.0"
"451562"	"false"	"34196.19666666667"	"44947.40791666667"	"208.9427365137457"	"3.0"
"218868"	"false"	"-629.255"	"2442.4478125"	"32.0"	"2.0"
"430277"	"false"	"-4484.36"	"2730.371875"	"24.0"	"1.0"
"161305"	"false"	"285.85999999999996"	"2734.7858333333334"	"198.49498086749966"	"3.0"
"1277156"	"false"	"-55.36"	"93.435625"	"24.0"	"1.0"
"1364177"	"false"	"-3618.14"	"2560.1450000000004"	"32.0"	"1.0"
"40030"	"false"	"-1068.24"	"1766.285625"	"0.0"	"1.0"
"212609"	"false"	"2687.0625"	"6501.06609375"	"331.7923070593921"	"4.0"
"112740"	"false"	"317.87"	"5688.46375"	"16.0"	"1.0"
"1233948"	"true"	"-10.420000000000002"	"404.5559090909091"	"13.49757674732671"	"2.0"
"1018139"	"false"	"-90.99"	"110.52375"	"0.0"	"1.0"
"755470"	"false"	"19789.4"	"20724.4409375"	"94.45606725856179"	"4.0"
"305779"	"false"	"77.235"	"2082.3831250000003"	"32.0"	"2.0"
"947860"	"false"	"-646.52"	"588.5675"	"8.0"	"1.0"
"246434"	"false"	"-1083.845"	"1808.6625"	"0.0"	"2.0"
"1380083"	"true"	"-1363.0949999999998"	"1468.8649999999998"	"297.54279615894825"	"2.0"
"419673"	"false"	"-497.765"	"4262.325312500001"	"70.88499999999999"	"2.0"
"678690"	"false"	"2706.02"	"3305.769999999999"	"41.875407949061035"	"3.0"
"786776"	"false"	"-149.91"	"420.25125"	"34.685"	"2.0"
"1040854"	"false"	"-2119.46"	"1452.3356250000002"	"8.0"	"1.0"
"500963"	"false"	"-1496.3966666666668"	"2391.5335416666667"	"116.46"	"3.0"
"575070"	"true"	"-297.17499999999995"	"1405.1736160714286"	"104.07"	"2.0"
"363969"	"true"	"732.895"	"1680.7171875"	"157.76999999999998"	"2.0"
"1173382"	"false"	"78.1"	"719.193125"	"40.0"	"1.0"
"363474"	"false"	"-475.16999999999996"	"1749.0818749999999"	"16.0"	"2.0"
"954559"	"true"	"-218.96"	"808.3953333333333"	"0.0"	"1.0"
"450649"	"false"	"442.57"	"833.1699999999996"	"7.726882943456271"	"1.0"
"354619"	"false"	"-290.5166666666667"	"3423.5260416666665"	"112.25500000000001"	"3.0"
"420025"	"false"	"-2420.61"	"5234.303124999999"	"32.0"	"2.0"
"953349"	"false"	"-2376.66"	"5420.8256249999995"	"8.0"	"1.0"
"804794"	"false"	"215.15"	"7228.621875000001"	"67.785"	"2.0"
"1335071"	"false"	"-3393.62"	"1805.0987499999999"	"8.0"	"1.0"
"1273086"	"false"	"-786.57"	"1461.1275"	"8.0"	"1.0"
"1393349"	"true"	"22735.877500000002"	"23714.119166666667"	"13.32196831849351"	"4.0"
"1261668"	"false"	"-46.66"	"60.50375000000001"	"16.0"	"1.0"
"1443168"	"false"	"173.29"	"747.4899999999999"	"7.0"	"1.0"
"1414414"	"false"	"3621.45"	"12973.87"	"18.0"	"1.0"
"1341891"	"true"	"87315.7075"	"91653.75999999998"	"116.25111985973516"	"4.0"
"1312136"	"true"	"115461.40999999999"	"115923.67291666665"	"16.435883141126233"	"4.0"
"490942"	"false"	"-1002.8100000000001"	"1733.0385416666668"	"150.245"	"3.0"
"1216348"	"true"	"42623.072499999995"	"43407.9634090909"	"26.093035632854768"	"4.0"
"1275539"	"false"	"-1583.73"	"3547.441875"	"32.0"	"1.0"
"126941"	"false"	"-3702.98"	"12582.416875000003"	"40.0"	"1.0"
"27303"	"true"	"-20.820000000000004"	"1461.5952083333334"	"32.59"	"3.0"
"842997"	"true"	"-214.325"	"734.095119047619"	"64.86500000000001"	"2.0"
"574608"	"true"	"65893.57666666666"	"68282.48666666666"	"265.0375475942899"	"3.0"
"108406"	"false"	"75633.784"	"82790.95100000002"	"215.94715830257724"	"5.0"
"143551"	"true"	"-400.475"	"1577.5475000000001"	"35.165"	"2.0"
"239394"	"false"	"-1303.445"	"779.5181249999998"	"76.60283141905087"	"2.0"
"766910"	"false"	"320.305"	"1805.1281250000002"	"50.699999999999996"	"2.0"
"291523"	"true"	"-171.745"	"1702.3805000000002"	"47.36"	"2.0"
"1041316"	"false"	"-190.35"	"856.289375"	"16.0"	"1.0"
"72117"	"true"	"-624.5675"	"1317.1427083333333"	"253.0983494323169"	"4.0"
"613427"	"false"	"45963.551999999996"	"51450.424374999995"	"245.01621566805017"	"5.0"
"829379"	"true"	"-414.46999999999997"	"1827.712142857143"	"66.785"	"2.0"
"821833"	"false"	"-163.625"	"1194.1587500000003"	"192.83999999999997"	"2.0"
"310608"	"false"	"-891.4100000000001"	"1195.0440624999999"	"32.0"	"2.0"
"500446"	"true"	"98856.59333333332"	"101284.3083333333"	"52.376339355825046"	"3.0"
"1148808"	"false"	"-53.04"	"1538.6531249999998"	"24.0"	"1.0"
"291512"	"false"	"-85.33999999999999"	"418.023125"	"7.83"	"2.0"
"258963"	"false"	"-166.37"	"300.7246875000001"	"8.0"	"2.0"
"302512"	"false"	"743.37"	"2504.36125"	"16.0"	"2.0"
"421455"	"false"	"-666.6733333333333"	"1080.6337500000002"	"43.88999999999999"	"3.0"
"1444147"	"true"	"21744.170000000002"	"22499.986666666664"	"83.18309818983572"	"4.0"
"1411521"	"false"	"426.34"	"1017.64375"	"12.0"	"1.0"
"1351142"	"true"	"-1151.7450000000001"	"1163.3654545454544"	"29.751961884091944"	"2.0"
"886491"	"false"	"-577.08"	"930.1550000000002"	"8.0"	"1.0"
"207065"	"false"	"-125.63499999999999"	"8718.9828125"	"24.0"	"2.0"
"852886"	"false"	"-2651.425"	"3967.2640624999995"	"102.72999999999999"	"2.0"
"1137214"	"false"	"-37.31"	"208.42125"	"32.0"	"1.0"
"101773"	"false"	"-765.84"	"1269.1262499999998"	"8.0"	"1.0"
"1156332"	"false"	"-174.66"	"2172.5756250000004"	"0.0"	"1.0"
"174186"	"false"	"-1336.5100000000002"	"6408.7640625"	"222.155"	"2.0"
"163120"	"false"	"-3458.31"	"5135.090625000001"	"332.44"	"2.0"
"1396099"	"false"	"653.17"	"1325.9471428571426"	"10.434999999999999"	"2.0"
"595409"	"true"	"-2573.72"	"4216.985833333333"	"572.5999999999999"	"2.0"
"407408"	"false"	"-465.65000000000003"	"1564.9512499999998"	"190.375"	"2.0"
"446392"	"false"	"-320.90999999999997"	"896.7775"	"221.0"	"2.0"
"341210"	"false"	"-1815.39"	"3756.965625"	"0.0"	"1.0"
"172976"	"true"	"-284.54"	"2679.5562499999996"	"274.07500000000005"	"3.0"
"1315832"	"false"	"-183.59"	"300.64062499999994"	"0.0"	"1.0"
"1366641"	"true"	"67361.305"	"68415.8273076923"	"22.126722633907722"	"4.0"
"1293128"	"false"	"-1559.64"	"2155.94875"	"8.0"	"1.0"
"1139150"	"false"	"19223.184999999998"	"27652.121718750004"	"309.2955289433078"	"4.0"
"36323"	"true"	"-467.60999999999996"	"1681.245555555556"	"69.3"	"2.0"
"417671"	"true"	"2679.1366666666668"	"3468.7567708333336"	"81.8137580975453"	"6.0"
"446161"	"false"	"-822.155"	"2309.4076785714283"	"84.435"	"2.0"
"909668"	"true"	"90765.905"	"94777.62816666668"	"179.6604996574269"	"4.0"
"512579"	"false"	"-2200.92"	"7048.83625"	"8.0"	"1.0"
"402821"	"false"	"-7.62"	"21.226249999999997"	"16.0"	"1.0"
"706245"	"false"	"-138.81"	"2665.7124999999996"	"32.0"	"1.0"
"213082"	"true"	"420.8225"	"2199.698125"	"51.873333333333335"	"4.0"
"569526"	"false"	"-77.25999999999999"	"3060.216875"	"24.0"	"2.0"
"800394"	"true"	"-338.77"	"3029.5099305555555"	"285.7633333333333"	"3.0"
"169379"	"false"	"60.34333333333333"	"1100.9004166666668"	"171.97499999999997"	"3.0"
"410246"	"false"	"-2585.11"	"3475.1237499999997"	""	"1.0"
"1305030"	"false"	"15869.966666666667"	"18448.99166666667"	"56.90110362038926"	"3.0"
"1178046"	"true"	"-2150.2349999999997"	"1769.6464583333332"	"342.30499999999995"	"2.0"
"369898"	"true"	"-134.01"	"929.1103977272727"	"11.0"	"2.0"
"593572"	"true"	"42.100000000000016"	"2163.803669871795"	"70.24666666666666"	"3.0"
"1182017"	"false"	"-417.28"	"928.96875"	"0.0"	"1.0"
"1260799"	"false"	"12462.4875"	"14010.932222222218"	"64.23640322654397"	"4.0"
"1008800"	"true"	"56272.07"	"57241.09999999999"	"76.91408806244011"	"2.0"
"1393965"	"true"	"8533.1075"	"8987.55"	"37.48534899197041"	"4.0"
"586697"	"false"	"21.897499999999923"	"2949.5078125"	"82.6035797905652"	"4.0"
"959520"	"false"	"-96.87"	"660.50375"	"24.0"	"1.0"
"1030877"	"true"	""	""	""	"1.0"
"1341451"	"false"	"120.89"	"1204.0006249999997"	"16.0"	"1.0"
"571341"	"false"	"53.36"	"214.42625"	"24.0"	"1.0"
"94678"	"false"	"1645.245"	"5771.483749999999"	"219.40873909168022"	"4.0"
"652939"	"false"	"-430.66"	"2244.2018749999997"	"24.0"	"1.0"
"656514"	"false"	"-1252.5233333333333"	"1871.0984821428572"	"579.8899999999999"	"3.0"
"800141"	"false"	"-13.72"	"9.886875"	"32.0"	"1.0"
"480635"	"false"	"37143.972499999996"	"38053.541875"	"80.83569719313348"	"4.0"
"1149677"	"false"	"-13.66"	"333.42187499999994"	"8.0"	"1.0"
"1116699"	"true"	"13036.795"	"15330.851170634924"	"107.60174077783334"	"6.0"
"464927"	"true"	"5695.66"	"5695.66"	"0.5"	"1.0"
"1308836"	"false"	"-1676.83"	"1906.2018749999997"	"32.0"	"1.0"
"156564"	"false"	"-3932.74"	"3375.2696875"	"112.08999999999999"	"2.0"
"408816"	"false"	"-1451.115"	"1632.9259375"	"8.0"	"2.0"
"452321"	"true"	"27234.756666666664"	"29936.523333333334"	"127.1634817943404"	"3.0"
"161899"	"false"	"89023.1"	"92713.21359375001"	"189.59752033136934"	"4.0"
"1319022"	"true"	"467.08500000000004"	"1211.3162499999999"	"0.41"	"2.0"
"1303567"	"false"	"224.54"	"812.7631250000001"	"16.0"	"1.0"
"1233552"	"true"	"11656.422499999999"	"12616.685000000001"	"32.831606338523194"	"4.0"
"834219"	"false"	"-631.185"	"833.633125"	"79.46000000000001"	"2.0"
"337580"	"true"	"68704.716"	"70796.09675"	"182.34246676381048"	"5.0"
"952073"	"true"	"36609.3425"	"38535.78333333333"	"105.45745340979899"	"4.0"
"260536"	"false"	"-784.3950000000001"	"2180.2046874999996"	"24.0"	"2.0"
"793948"	"false"	"-2145.065"	"3268.11525"	"169.25499999999997"	"2.0"
"574454"	"true"	"-872.1"	"920.8188257575758"	"200.535"	"3.0"
"1301070"	"false"	"384.19"	"1764.956875"	"0.0"	"1.0"
"1274098"	"false"	"-476.72"	"1977.4012500000003"	"32.0"	"1.0"
"220397"	"false"	"-1193.88"	"1463.2953125"	"16.0"	"2.0"
"339923"	"false"	"-21.200000000000006"	"1365.8956249999999"	"198.69500000000002"	"3.0"
"349427"	"false"	"-1441.835"	"1829.0118750000001"	"16.0"	"2.0"
"801241"	"false"	"-34.66000000000001"	"4763.698125"	"209.15"	"2.0"
"299487"	"false"	"59.76500000000001"	"1381.295625"	"32.0"	"2.0"
"227833"	"false"	"11.59"	"1228.02875"	"32.0"	"1.0"
"208451"	"true"	"1167.25"	"7714.628181818182"	"327.96"	"1.0"
"558757"	"false"	"-208.495"	"1316.6987500000002"	"29.034999999999997"	"2.0"
"625362"	"false"	"46.54"	"436.00749999999994"	"24.0"	"1.0"
"962413"	"false"	"-404.36"	"973.11125"	"24.0"	"1.0"
"411016"	"false"	"-1980.375"	"3055.9521875000005"	"8.0"	"2.0"
"1324720"	"false"	"-2247.62"	"2254.879375"	"0.0"	"1.0"
"1119559"	"true"	"315.5"	"2516.4377272727274"	"22.069706350133014"	"2.0"
"490238"	"false"	"-1047.69"	"2197.4946875"	"16.0"	"2.0"
"377730"	"false"	"-2068.81"	"1876.949375"	""	"1.0"
"163296"	"false"	"13765.7075"	"19529.35"	"259.3941125526279"	"4.0"
"351638"	"false"	"-351.16499999999996"	"2100.9612500000003"	"24.0"	"2.0"
"1087956"	"true"	"93520.15750000002"	"95401.90910714286"	"132.2384586857888"	"4.0"
"772223"	"false"	"-2120.82"	"7008.279375"	"16.0"	"1.0"
"1003344"	"true"	"47814.8225"	"50815.73125"	"70.67184844709884"	"4.0"
"119560"	"true"	"-599.44"	"2001.2440000000001"	"46.685984238814406"	"3.0"
"396155"	"false"	"-1182.55"	"2518.395625"	"163.75"	"2.0"
"856956"	"false"	"-1841.77"	"11019.907812499998"	"266.98"	"2.0"
"1182314"	"false"	"-503.27"	"1926.110625"	"16.0"	"1.0"
"428033"	"false"	"-240.005"	"5620.634062499999"	"24.0"	"2.0"
"711470"	"false"	"-2223.57"	"2104.3284583333334"	"50.28333333333333"	"3.0"
"125896"	"false"	"5103.602"	"8144.0316250000005"	"88.69741283961625"	"5.0"
"110155"	"false"	"-637.655"	"908.296875"	"0.0"	"2.0"
"1445742"	"false"	"-60.75"	"1007.892857142857"	"0.0"	"1.0"
"1126852"	"false"	"-1634.78"	"2997.5499999999997"	"16.0"	"1.0"
"1322025"	"true"	"47689.35666666667"	"48708.75666666666"	"23.18109877828456"	"3.0"
"490876"	"true"	"-2068.38"	"4919.55431547619"	"187.05666666666664"	"3.0"
"1137192"	"true"	"13103.26"	"13621.985"	"20.838906775995685"	"4.0"
"646559"	"false"	"28234.706"	"30333.10925"	"113.11992323127474"	"5.0"
"971444"	"false"	"-11971.69"	"14428.824375000002"	"16.0"	"1.0"
"166398"	"false"	"-3926.795"	"7690.090937499999"	"32.0"	"2.0"
"1270996"	"false"	"201.21"	"1021.455625"	"0.0"	"1.0"
"1161579"	"false"	"-310.88"	"2326.8199999999997"	"24.0"	"1.0"
"530113"	"false"	"-2501.4900000000002"	"2067.1896874999998"	"8.0"	"2.0"
"1133034"	"true"	"2831.115"	"3355.2554545454545"	"21.233700268617767"	"2.0"
"865866"	"true"	"21.43249999999999"	"627.2674479166667"	"68.63000000000001"	"4.0"
"598896"	"true"	"68725.34666666666"	"72180.295"	"155.77208151477336"	"6.0"
"615418"	"false"	"-6415.505"	"3479.0346875000005"	"32.0"	"2.0"
"664885"	"false"	"-882.93"	"2201.2375"	"24.0"	"1.0"
"1120307"	"false"	"579.2549999999999"	"9701.7159375"	"761.3399999999999"	"2.0"
"606101"	"false"	"64375.964"	"67147.45674999998"	"126.35494280752405"	"5.0"
"135092"	"true"	"16187.757999999998"	"18848.574714285714"	"292.89208248609543"	"5.0"
"1364804"	"true"	"1447.79"	"2673.817"	"12.999289212172728"	"2.0"
"1200508"	"false"	"-311.38"	"2338.424375"	"40.0"	"3.0"
"1074074"	"false"	"-45.21"	"435.808125"	"8.0"	"1.0"
"211971"	"false"	"-2523.08"	"9839.096875"	"8.0"	"1.0"
"1220165"	"true"	"1083.645"	"1855.5575000000001"	"2.0"	"2.0"
"880155"	"true"	"-854.8699999999999"	"1448.8946205357142"	"162.36249999999998"	"4.0"
"507090"	"true"	"30659.216666666664"	"40010.963125"	"736.7430945226578"	"4.0"
"1087637"	"false"	"-279.03"	"2193.5575000000003"	"16.0"	"1.0"
"1435974"	"true"	"1619.93"	"2230.6675000000005"	"38.26782793662995"	"3.0"
"1439274"	"false"	"-121.29"	"982.4549999999999"	"16.0"	"1.0"
"398322"	"true"	"2463.4519999999993"	"5321.355249999999"	"107.61314693809969"	"5.0"
"652037"	"true"	"-450.2433333333333"	"3290.984"	"55.26"	"3.0"
"896556"	"false"	"-1618.015"	"1294.5209375"	"55.255"	"2.0"
"1389741"	"false"	"-839.755"	"2912.0710714285715"	"160.385"	"2.0"
"365707"	"false"	"-3693.063333333333"	"1826.7568750000003"	"707.9800000000001"	"3.0"
"1401478"	"false"	"19384.086666666666"	"20715.840000000004"	"97.18336434733357"	"3.0"
"791935"	"true"	"55336.716666666674"	"57472.75518518518"	"160.20611504116758"	"6.0"
"369865"	"false"	"-138.07"	"2094.4584375"	"40.0"	"2.0"
